Cancer,Feature,Display,Category,Method,Source,Canonical,N_Low,N_High,Median_Low,Median_High,Effect,P,FDR,Significance,P_label,FDR_label,Feature_ID,Feature_Label,FDR_significance_rule,Effect_z,Signed_FDR_score
ACC,Dysfunction,Dysfunction,Immune suppression,TIDEpy,D:/R_workspace/summary/Repairium_pancancer_analysis_plan/03-res/Figure2_pan_cancer/K_TIDE/ACC/ACC_TIDE_score_long.csv,DYSFUNCTION,39,40,-0.154103137837477,-0.295210432717038,-0.141107294879561,0.000290929340508366,0.00145464670254183,**,P=2.91e-04,FDR=0.00145,Dysfunction__TIDEpy,T-cell dysfunction,"Asterisks from FDR only: * <0.05, ** <0.01, *** <0.001, **** <0.0001",-1.25099915548272,-2.83724247318518
ACC,MDSC,MDSC,Immune suppression,TIDEpy,D:/R_workspace/summary/Repairium_pancancer_analysis_plan/03-res/Figure2_pan_cancer/K_TIDE/ACC/ACC_TIDE_score_long.csv,MDSC,39,40,0.0203461024761047,0.0343246969924014,0.0139785945162967,0.000934761948751032,0.00233690487187758,**,P=9.35e-04,FDR=0.00234,MDSC__TIDEpy,MDSC,"Asterisks from FDR only: * <0.05, ** <0.01, *** <0.001, **** <0.0001",0.571730246268856,2.63135896602433
ACC,Tregs_quantiseq,Tregs,Immune suppression,quanTIseq,IOBR::deconvo_tme(method='quantiseq'),TREGS,39,40,0.00319477897078264,0.00444384012379658,0.00124906115301394,0.243013362171342,0.303766702714177,"",P=0.243,FDR=0.304,Tregs__quanTIseq,Tregs,"Asterisks from FDR only: * <0.05, ** <0.01, *** <0.001, **** <0.0001",-0.318079108539042,0
ACC,TAM M2,TAM M2,Immune suppression,TIDEpy,D:/R_workspace/summary/Repairium_pancancer_analysis_plan/03-res/Figure2_pan_cancer/K_TIDE/ACC/ACC_TIDE_score_long.csv,TAMM2,39,40,-0.0035241798059831,0.00174892460434175,0.00527310441032485,0.324386593485185,0.324386593485185,"",P=0.324,FDR=0.324,TAM M2__TIDEpy,TAM M2,"Asterisks from FDR only: * <0.05, ** <0.01, *** <0.001, **** <0.0001",0.828879306592661,0
BLCA,Dysfunction,Dysfunction,Immune suppression,TIDEpy,D:/R_workspace/summary/Repairium_pancancer_analysis_plan/03-res/Figure2_pan_cancer/K_TIDE/BLCA/BLCA_TIDE_score_long.csv,DYSFUNCTION,203,203,-0.0786432132922456,-0.138508153040923,-0.0598649397486774,3.2019589828267e-14,1.60097949141335e-13,****,P=3.20e-14,FDR=1.60e-13,Dysfunction__TIDEpy,T-cell dysfunction,"Asterisks from FDR only: * <0.05, ** <0.01, *** <0.001, **** <0.0001",0.425883738442483,-4
BLCA,MDSC,MDSC,Immune suppression,TIDEpy,D:/R_workspace/summary/Repairium_pancancer_analysis_plan/03-res/Figure2_pan_cancer/K_TIDE/BLCA/BLCA_TIDE_score_long.csv,MDSC,203,203,0.0285194598703588,0.0370931526978239,0.0085736928274651,1.92028457241234e-08,4.80071143103084e-08,****,P=1.92e-08,FDR=4.80e-08,MDSC__TIDEpy,MDSC,"Asterisks from FDR only: * <0.05, ** <0.01, *** <0.001, **** <0.0001",-0.151284695707053,4
BLCA,TAM M2,TAM M2,Immune suppression,TIDEpy,D:/R_workspace/summary/Repairium_pancancer_analysis_plan/03-res/Figure2_pan_cancer/K_TIDE/BLCA/BLCA_TIDE_score_long.csv,TAMM2,203,203,-0.00289690889772666,-0.00608253075461432,-0.00318562185688766,0.1352318362763,0.149021641066316,"",P=0.135,FDR=0.149,TAM M2__TIDEpy,TAM M2,"Asterisks from FDR only: * <0.05, ** <0.01, *** <0.001, **** <0.0001",-1.08897705685345,0
BLCA,Tregs_quantiseq,Tregs,Immune suppression,quanTIseq,IOBR::deconvo_tme(method='quantiseq'),TREGS,212,219,0.0128387238264297,0.0139814166078666,0.00114269278143692,0.149021641066316,0.149021641066316,"",P=0.149,FDR=0.149,Tregs__quanTIseq,Tregs,"Asterisks from FDR only: * <0.05, ** <0.01, *** <0.001, **** <0.0001",-0.335511383605509,0
BRCA,Dysfunction,Dysfunction,Immune suppression,TIDEpy,D:/R_workspace/summary/Repairium_pancancer_analysis_plan/03-res/Figure2_pan_cancer/K_TIDE/BRCA/BRCA_TIDE_score_long.csv,DYSFUNCTION,547,548,-0.136344838537948,-0.262276760430688,-0.12593192189274,5.02535009083259e-52,2.51267504541629e-51,****,P=5.03e-52,FDR=2.51e-51,Dysfunction__TIDEpy,T-cell dysfunction,"Asterisks from FDR only: * <0.05, ** <0.01, *** <0.001, **** <0.0001",-0.937771857609109,-4
BRCA,MDSC,MDSC,Immune suppression,TIDEpy,D:/R_workspace/summary/Repairium_pancancer_analysis_plan/03-res/Figure2_pan_cancer/K_TIDE/BRCA/BRCA_TIDE_score_long.csv,MDSC,547,548,0.0242669936886075,0.0357993516624955,0.011532357973888,9.8235700017266e-33,2.45589250043165e-32,****,P=9.82e-33,FDR=2.46e-32,MDSC__TIDEpy,MDSC,"Asterisks from FDR only: * <0.05, ** <0.01, *** <0.001, **** <0.0001",0.244496621386529,4
BRCA,Tregs_quantiseq,Tregs,Immune suppression,quanTIseq,IOBR::deconvo_tme(method='quantiseq'),TREGS,605,621,0.0221347125687237,0.024269764576027,0.00213505200730338,0.00037614383570828,0.000626906392847134,***,P=3.76e-04,FDR=6.27e-04,Tregs__quanTIseq,Tregs,"Asterisks from FDR only: * <0.05, ** <0.01, *** <0.001, **** <0.0001",-0.172877710328636,3.20279730144182
BRCA,TAM M2,TAM M2,Immune suppression,TIDEpy,D:/R_workspace/summary/Repairium_pancancer_analysis_plan/03-res/Figure2_pan_cancer/K_TIDE/BRCA/BRCA_TIDE_score_long.csv,TAMM2,547,548,-0.00120135958518582,-0.00207646263455027,-0.00087510304936445,0.0258451616601435,0.0323064520751793,*,P=0.0258,FDR=0.0323,TAM M2__TIDEpy,TAM M2,"Asterisks from FDR only: * <0.05, ** <0.01, *** <0.001, **** <0.0001",-0.565110571772055,-1.49071073399032
CESC,MDSC,MDSC,Immune suppression,TIDEpy,D:/R_workspace/summary/Repairium_pancancer_analysis_plan/03-res/Figure2_pan_cancer/K_TIDE/CESC/CESC_TIDE_score_long.csv,MDSC,152,152,0.0174369348111245,0.0359936380883975,0.018556703277273,1.37763249817303e-13,6.19134700949733e-13,****,P=1.38e-13,FDR=6.19e-13,MDSC__TIDEpy,MDSC,"Asterisks from FDR only: * <0.05, ** <0.01, *** <0.001, **** <0.0001",1.18414490813336,4
CESC,Dysfunction,Dysfunction,Immune suppression,TIDEpy,D:/R_workspace/summary/Repairium_pancancer_analysis_plan/03-res/Figure2_pan_cancer/K_TIDE/CESC/CESC_TIDE_score_long.csv,DYSFUNCTION,152,152,-0.0720512284353716,-0.157094545862469,-0.0850433174270969,2.47653880379893e-13,6.19134700949733e-13,****,P=2.48e-13,FDR=6.19e-13,Dysfunction__TIDEpy,T-cell dysfunction,"Asterisks from FDR only: * <0.05, ** <0.01, *** <0.001, **** <0.0001",-0.0938105855060326,-4
CESC,TAM M2,TAM M2,Immune suppression,TIDEpy,D:/R_workspace/summary/Repairium_pancancer_analysis_plan/03-res/Figure2_pan_cancer/K_TIDE/CESC/CESC_TIDE_score_long.csv,TAMM2,152,152,-0.02207826819836,-0.0102596644242692,0.0118186037740909,5.17483745305963e-06,8.62472908843272e-06,****,P=5.17e-06,FDR=8.62e-06,TAM M2__TIDEpy,TAM M2,"Asterisks from FDR only: * <0.05, ** <0.01, *** <0.001, **** <0.0001",2.31294761784539,4
CESC,Tregs_quantiseq,Tregs,Immune suppression,quanTIseq,IOBR::deconvo_tme(method='quantiseq'),TREGS,155,154,0.017625826569651,0.0172211115860543,-0.000404714983596663,0.839038446551668,0.839038446551668,"",P=0.839,FDR=0.839,Tregs__quanTIseq,Tregs,"Asterisks from FDR only: * <0.05, ** <0.01, *** <0.001, **** <0.0001",-0.589109679791887,0
CHOL,Dysfunction,Dysfunction,Immune suppression,TIDEpy,D:/R_workspace/summary/Repairium_pancancer_analysis_plan/03-res/Figure2_pan_cancer/K_TIDE/CHOL/CHOL_TIDE_score_long.csv,DYSFUNCTION,17,18,-0.129419205999404,-0.19983204432858,-0.0704128383291755,0.0720553814630122,0.35477265264229,"",P=0.0721,FDR=0.355,Dysfunction__TIDEpy,T-cell dysfunction,"Asterisks from FDR only: * <0.05, ** <0.01, *** <0.001, **** <0.0001",0.208169829632232,0
CHOL,MDSC,MDSC,Immune suppression,TIDEpy,D:/R_workspace/summary/Repairium_pancancer_analysis_plan/03-res/Figure2_pan_cancer/K_TIDE/CHOL/CHOL_TIDE_score_long.csv,MDSC,17,18,0.0221605918914888,0.0310669586698405,0.0089063667783517,0.141909061056916,0.35477265264229,"",P=0.142,FDR=0.355,MDSC__TIDEpy,MDSC,"Asterisks from FDR only: * <0.05, ** <0.01, *** <0.001, **** <0.0001",-0.106782824786036,0
CHOL,Tregs_quantiseq,Tregs,Immune suppression,quanTIseq,IOBR::deconvo_tme(method='quantiseq'),TREGS,20,23,0.00957916275942797,0.00953472839505371,-4.44343643742576e-05,0.796547910277525,0.830132240640216,"",P=0.797,FDR=0.83,Tregs__quanTIseq,Tregs,"Asterisks from FDR only: * <0.05, ** <0.01, *** <0.001, **** <0.0001",-0.530064770461351,0
CHOL,TAM M2,TAM M2,Immune suppression,TIDEpy,D:/R_workspace/summary/Repairium_pancancer_analysis_plan/03-res/Figure2_pan_cancer/K_TIDE/CHOL/CHOL_TIDE_score_long.csv,TAMM2,17,18,-0.00962748821045598,-0.0119901359799093,-0.00236264776945327,0.830132240640216,0.830132240640216,"",P=0.83,FDR=0.83,TAM M2__TIDEpy,TAM M2,"Asterisks from FDR only: * <0.05, ** <0.01, *** <0.001, **** <0.0001",-0.902383231651277,0
COAD,Dysfunction,Dysfunction,Immune suppression,TIDEpy,D:/R_workspace/summary/Repairium_pancancer_analysis_plan/03-res/Figure2_pan_cancer/K_TIDE/COAD/COAD_TIDE_score_long.csv,DYSFUNCTION,228,228,-0.140841293088233,-0.225344948565493,-0.08450365547726,4.80424835909315e-26,2.40212417954657e-25,****,P=4.80e-26,FDR=2.40e-25,Dysfunction__TIDEpy,T-cell dysfunction,"Asterisks from FDR only: * <0.05, ** <0.01, *** <0.001, **** <0.0001",-0.0826716926129608,-4
COAD,MDSC,MDSC,Immune suppression,TIDEpy,D:/R_workspace/summary/Repairium_pancancer_analysis_plan/03-res/Figure2_pan_cancer/K_TIDE/COAD/COAD_TIDE_score_long.csv,MDSC,228,228,0.038155607630211,0.0444433407708192,0.00628773314060825,1.64531250486772e-07,4.11328126216929e-07,****,P=1.65e-07,FDR=4.11e-07,MDSC__TIDEpy,MDSC,"Asterisks from FDR only: * <0.05, ** <0.01, *** <0.001, **** <0.0001",-0.457078048760504,4
COAD,Tregs_quantiseq,Tregs,Immune suppression,quanTIseq,IOBR::deconvo_tme(method='quantiseq'),TREGS,264,257,0.014227629540796,0.0196769935455479,0.00544936400475183,1.50380151360216e-05,2.50633585600361e-05,****,P=1.50e-05,FDR=2.51e-05,Tregs__quanTIseq,Tregs,"Asterisks from FDR only: * <0.05, ** <0.01, *** <0.001, **** <0.0001",0.370291255586923,4
COAD,TAM M2,TAM M2,Immune suppression,TIDEpy,D:/R_workspace/summary/Repairium_pancancer_analysis_plan/03-res/Figure2_pan_cancer/K_TIDE/COAD/COAD_TIDE_score_long.csv,TAMM2,228,228,0.00556168884838243,0.00654381694935265,0.000982128100970225,0.12052714950647,0.150658936883088,"",P=0.121,FDR=0.151,TAM M2__TIDEpy,TAM M2,"Asterisks from FDR only: * <0.05, ** <0.01, *** <0.001, **** <0.0001",-0.144018498623139,0
DLBC,Tregs_quantiseq,Tregs,Immune suppression,quanTIseq,IOBR::deconvo_tme(method='quantiseq'),TREGS,24,24,0,0.0301528388658289,0.0301528388658289,0.0791790660668634,0.395895330334317,"",P=0.0792,FDR=0.396,Tregs__quanTIseq,Tregs,"Asterisks from FDR only: * <0.05, ** <0.01, *** <0.001, **** <0.0001",2.5,0
DLBC,TAM M2,TAM M2,Immune suppression,TIDEpy,D:/R_workspace/summary/Repairium_pancancer_analysis_plan/03-res/Figure2_pan_cancer/K_TIDE/DLBC/DLBC_TIDE_score_long.csv,TAMM2,24,24,0.0103235592924978,0.00192226548423379,-0.00840129380826402,0.235768442708791,0.549227689646953,"",P=0.236,FDR=0.549,TAM M2__TIDEpy,TAM M2,"Asterisks from FDR only: * <0.05, ** <0.01, *** <0.001, **** <0.0001",-2.27153212786545,0
DLBC,MDSC,MDSC,Immune suppression,TIDEpy,D:/R_workspace/summary/Repairium_pancancer_analysis_plan/03-res/Figure2_pan_cancer/K_TIDE/DLBC/DLBC_TIDE_score_long.csv,MDSC,24,24,0.00729574506917232,0.0024576521627357,-0.00483809290643662,0.439382151717562,0.549227689646953,"",P=0.439,FDR=0.549,MDSC__TIDEpy,MDSC,"Asterisks from FDR only: * <0.05, ** <0.01, *** <0.001, **** <0.0001",-1.94538235787683,0
DLBC,Dysfunction,Dysfunction,Immune suppression,TIDEpy,D:/R_workspace/summary/Repairium_pancancer_analysis_plan/03-res/Figure2_pan_cancer/K_TIDE/DLBC/DLBC_TIDE_score_long.csv,DYSFUNCTION,24,24,0.0365730128865952,0.037900930402179,0.0013279175155838,0.718216129533986,0.718216129533986,"",P=0.718,FDR=0.718,Dysfunction__TIDEpy,T-cell dysfunction,"Asterisks from FDR only: * <0.05, ** <0.01, *** <0.001, **** <0.0001",1.68893495614208,0
ESCA,Dysfunction,Dysfunction,Immune suppression,TIDEpy,D:/R_workspace/summary/Repairium_pancancer_analysis_plan/03-res/Figure2_pan_cancer/K_TIDE/ESCA/ESCA_TIDE_score_long.csv,DYSFUNCTION,81,81,-0.0512015136374898,-0.130441264411679,-0.0792397507741892,1.66213440632117e-11,8.31067203160586e-11,****,P=1.66e-11,FDR=8.31e-11,Dysfunction__TIDEpy,T-cell dysfunction,"Asterisks from FDR only: * <0.05, ** <0.01, *** <0.001, **** <0.0001",0.0259779364827417,-4
ESCA,MDSC,MDSC,Immune suppression,TIDEpy,D:/R_workspace/summary/Repairium_pancancer_analysis_plan/03-res/Figure2_pan_cancer/K_TIDE/ESCA/ESCA_TIDE_score_long.csv,MDSC,81,81,0.0181101918524983,0.0376610241141104,0.0195508322616121,8.67199691292214e-11,2.16799922823053e-10,****,P=8.67e-11,FDR=2.17e-10,MDSC__TIDEpy,MDSC,"Asterisks from FDR only: * <0.05, ** <0.01, *** <0.001, **** <0.0001",1.31712977100584,4
ESCA,TAM M2,TAM M2,Immune suppression,TIDEpy,D:/R_workspace/summary/Repairium_pancancer_analysis_plan/03-res/Figure2_pan_cancer/K_TIDE/ESCA/ESCA_TIDE_score_long.csv,TAMM2,81,81,-0.0179907606127625,-0.0099197854799562,0.0080709751328063,1.19708940236999e-05,1.99514900394999e-05,****,P=1.20e-05,FDR=2.00e-05,TAM M2__TIDEpy,TAM M2,"Asterisks from FDR only: * <0.05, ** <0.01, *** <0.001, **** <0.0001",1.4632436304519,4
ESCA,Tregs_quantiseq,Tregs,Immune suppression,quanTIseq,IOBR::deconvo_tme(method='quantiseq'),TREGS,87,84,0.0173229131596957,0.0195859086407161,0.00226299548102038,0.735114083803417,0.735114083803417,"",P=0.735,FDR=0.735,Tregs__quanTIseq,Tregs,"Asterisks from FDR only: * <0.05, ** <0.01, *** <0.001, **** <0.0001",-0.151909580482077,0
GBM,MDSC,MDSC,Immune suppression,TIDEpy,D:/R_workspace/summary/Repairium_pancancer_analysis_plan/03-res/Figure2_pan_cancer/K_TIDE/GBM/GBM_TIDE_score_long.csv,MDSC,80,81,0.0073516648610786,0.0289287868409986,0.02157712197992,2.90283558178787e-10,1.45141779089394e-09,****,P=2.90e-10,FDR=1.45e-09,MDSC__TIDEpy,MDSC,"Asterisks from FDR only: * <0.05, ** <0.01, *** <0.001, **** <0.0001",1.5881870126456,4
GBM,Dysfunction,Dysfunction,Immune suppression,TIDEpy,D:/R_workspace/summary/Repairium_pancancer_analysis_plan/03-res/Figure2_pan_cancer/K_TIDE/GBM/GBM_TIDE_score_long.csv,DYSFUNCTION,80,81,-0.0677177263508925,-0.161664987707184,-0.0939472613562915,2.15331182834569e-06,5.38327957086424e-06,****,P=2.15e-06,FDR=5.38e-06,Dysfunction__TIDEpy,T-cell dysfunction,"Asterisks from FDR only: * <0.05, ** <0.01, *** <0.001, **** <0.0001",-0.277592447064348,-4
GBM,Tregs_quantiseq,Tregs,Immune suppression,quanTIseq,IOBR::deconvo_tme(method='quantiseq'),TREGS,85,84,0,0,0,0.0104720019521347,0.0174533365868912,*,P=0.0105,FDR=0.0175,Tregs__quanTIseq,Tregs,"Asterisks from FDR only: * <0.05, ** <0.01, *** <0.001, **** <0.0001",-0.52278260518335,0
GBM,TAM M2,TAM M2,Immune suppression,TIDEpy,D:/R_workspace/summary/Repairium_pancancer_analysis_plan/03-res/Figure2_pan_cancer/K_TIDE/GBM/GBM_TIDE_score_long.csv,TAMM2,80,81,-0.00280325862736689,0.00310647006763842,0.00590972869500531,0.0157038322767369,0.0196297903459211,*,P=0.0157,FDR=0.0196,TAM M2__TIDEpy,TAM M2,"Asterisks from FDR only: * <0.05, ** <0.01, *** <0.001, **** <0.0001",0.973221834879854,1.70708433881547
HNSC,Dysfunction,Dysfunction,Immune suppression,TIDEpy,D:/R_workspace/summary/Repairium_pancancer_analysis_plan/03-res/Figure2_pan_cancer/K_TIDE/HNSC/HNSC_TIDE_score_long.csv,DYSFUNCTION,251,251,-0.0184416051052189,-0.0642809656783163,-0.0458393605730974,4.8120309166312e-24,2.4060154583156e-23,****,P=4.81e-24,FDR=2.41e-23,Dysfunction__TIDEpy,T-cell dysfunction,"Asterisks from FDR only: * <0.05, ** <0.01, *** <0.001, **** <0.0001",0.715378716265731,-4
HNSC,MDSC,MDSC,Immune suppression,TIDEpy,D:/R_workspace/summary/Repairium_pancancer_analysis_plan/03-res/Figure2_pan_cancer/K_TIDE/HNSC/HNSC_TIDE_score_long.csv,MDSC,251,251,0.0153993790802007,0.0275779732017864,0.0121785941215857,5.80522419937181e-22,1.45130604984295e-21,****,P=5.81e-22,FDR=1.45e-21,MDSC__TIDEpy,MDSC,"Asterisks from FDR only: * <0.05, ** <0.01, *** <0.001, **** <0.0001",0.330943779490415,4
HNSC,TAM M2,TAM M2,Immune suppression,TIDEpy,D:/R_workspace/summary/Repairium_pancancer_analysis_plan/03-res/Figure2_pan_cancer/K_TIDE/HNSC/HNSC_TIDE_score_long.csv,TAMM2,251,251,-0.0196031601769294,-0.0141770655805936,0.0054260945963358,0.000859712401585639,0.00143285400264273,**,P=8.60e-04,FDR=0.00143,TAM M2__TIDEpy,TAM M2,"Asterisks from FDR only: * <0.05, ** <0.01, *** <0.001, **** <0.0001",0.863566940701737,2.84379805878397
HNSC,Tregs_quantiseq,Tregs,Immune suppression,quanTIseq,IOBR::deconvo_tme(method='quantiseq'),TREGS,275,272,0.0200367987537625,0.0253465547526235,0.00530975599886106,0.00496214892670871,0.00620268615838589,**,P=0.00496,FDR=0.0062,Tregs__quanTIseq,Tregs,"Asterisks from FDR only: * <0.05, ** <0.01, *** <0.001, **** <0.0001",0.347411473523073,2.20742019257828
KICH,Dysfunction,Dysfunction,Immune suppression,TIDEpy,D:/R_workspace/summary/Repairium_pancancer_analysis_plan/03-res/Figure2_pan_cancer/K_TIDE/KICH/KICH_TIDE_score_long.csv,DYSFUNCTION,32,33,-0.11127762368719,-0.216413617781258,-0.105135994094068,0.00010556485311849,0.000527824265592449,***,P=1.06e-04,FDR=5.28e-04,Dysfunction__TIDEpy,T-cell dysfunction,"Asterisks from FDR only: * <0.05, ** <0.01, *** <0.001, **** <0.0001",-0.508533493793629,-3.27751064789646
KICH,Tregs_quantiseq,Tregs,Immune suppression,quanTIseq,IOBR::deconvo_tme(method='quantiseq'),TREGS,42,47,0.00113162300212572,0.00347011101914698,0.00233848801702126,0.205893116221719,0.462509185370368,"",P=0.206,FDR=0.463,Tregs__quanTIseq,Tregs,"Asterisks from FDR only: * <0.05, ** <0.01, *** <0.001, **** <0.0001",-0.139537419157039,0
KICH,TAM M2,TAM M2,Immune suppression,TIDEpy,D:/R_workspace/summary/Repairium_pancancer_analysis_plan/03-res/Figure2_pan_cancer/K_TIDE/KICH/KICH_TIDE_score_long.csv,TAMM2,32,33,-0.0139865216106369,-0.0139887447814309,-2.22317079399958e-06,0.466461398977925,0.583076748722406,"",P=0.466,FDR=0.583,TAM M2__TIDEpy,TAM M2,"Asterisks from FDR only: * <0.05, ** <0.01, *** <0.001, **** <0.0001",-0.36720155134077,0
KICH,MDSC,MDSC,Immune suppression,TIDEpy,D:/R_workspace/summary/Repairium_pancancer_analysis_plan/03-res/Figure2_pan_cancer/K_TIDE/KICH/KICH_TIDE_score_long.csv,MDSC,32,33,0.00530053964998253,0.0037775476791545,-0.00152299197082803,0.747847327586818,0.747847327586818,"",P=0.748,FDR=0.748,MDSC__TIDEpy,MDSC,"Asterisks from FDR only: * <0.05, ** <0.01, *** <0.001, **** <0.0001",-1.50192054328804,0
KIRC,Tregs_quantiseq,Tregs,Immune suppression,quanTIseq,IOBR::deconvo_tme(method='quantiseq'),TREGS,306,307,0.013323914599485,0.0188361990340208,0.00551228443453579,1.37467570202755e-06,6.87337851013775e-06,****,P=1.37e-06,FDR=6.87e-06,Tregs__quanTIseq,Tregs,"Asterisks from FDR only: * <0.05, ** <0.01, *** <0.001, **** <0.0001",0.38060302611638,4
KIRC,TAM M2,TAM M2,Immune suppression,TIDEpy,D:/R_workspace/summary/Repairium_pancancer_analysis_plan/03-res/Figure2_pan_cancer/K_TIDE/KIRC/KIRC_TIDE_score_long.csv,TAMM2,266,266,-0.0117563586080741,-0.0137861068442685,-0.00202974823619445,0.00159760509905484,0.00399401274763711,**,P=0.0016,FDR=0.00399,TAM M2__TIDEpy,TAM M2,"Asterisks from FDR only: * <0.05, ** <0.01, *** <0.001, **** <0.0001",-0.826904552228416,-2.39859055333121
KIRC,Dysfunction,Dysfunction,Immune suppression,TIDEpy,D:/R_workspace/summary/Repairium_pancancer_analysis_plan/03-res/Figure2_pan_cancer/K_TIDE/KIRC/KIRC_TIDE_score_long.csv,DYSFUNCTION,266,266,-0.0740723091809764,-0.0884291563127808,-0.0143568471318044,0.0032909196754803,0.0054848661258005,**,P=0.00329,FDR=0.00548,Dysfunction__TIDEpy,T-cell dysfunction,"Asterisks from FDR only: * <0.05, ** <0.01, *** <0.001, **** <0.0001",1.36519355930449,-2.26083396818693
KIRC,MDSC,MDSC,Immune suppression,TIDEpy,D:/R_workspace/summary/Repairium_pancancer_analysis_plan/03-res/Figure2_pan_cancer/K_TIDE/KIRC/KIRC_TIDE_score_long.csv,MDSC,266,266,0.0145808830187733,0.0185793347061559,0.0039984516873826,0.0054153954337945,0.00676924429224313,**,P=0.00542,FDR=0.00677,MDSC__TIDEpy,MDSC,"Asterisks from FDR only: * <0.05, ** <0.01, *** <0.001, **** <0.0001",-0.763315755265074,2.16945981255975
KIRP,Dysfunction,Dysfunction,Immune suppression,TIDEpy,D:/R_workspace/summary/Repairium_pancancer_analysis_plan/03-res/Figure2_pan_cancer/K_TIDE/KIRP/KIRP_TIDE_score_long.csv,DYSFUNCTION,145,145,-0.0991377058195636,-0.172762181615818,-0.0736244757962544,1.59373345651619e-11,7.96866728258093e-11,****,P=1.59e-11,FDR=7.97e-11,Dysfunction__TIDEpy,T-cell dysfunction,"Asterisks from FDR only: * <0.05, ** <0.01, *** <0.001, **** <0.0001",0.141880024008582,-4
KIRP,MDSC,MDSC,Immune suppression,TIDEpy,D:/R_workspace/summary/Repairium_pancancer_analysis_plan/03-res/Figure2_pan_cancer/K_TIDE/KIRP/KIRP_TIDE_score_long.csv,MDSC,145,145,-0.000398714094730744,0.00947128510918472,0.00986999920391546,5.25471219164557e-06,1.31367804791139e-05,****,P=5.25e-06,FDR=1.31e-05,MDSC__TIDEpy,MDSC,"Asterisks from FDR only: * <0.05, ** <0.01, *** <0.001, **** <0.0001",0.0221225064052327,4
KIRP,TAM M2,TAM M2,Immune suppression,TIDEpy,D:/R_workspace/summary/Repairium_pancancer_analysis_plan/03-res/Figure2_pan_cancer/K_TIDE/KIRP/KIRP_TIDE_score_long.csv,TAMM2,145,145,-0.00629605418060469,-0.00912887772356658,-0.00283282354296189,3.76241601828009e-05,6.27069336380015e-05,****,P=3.76e-05,FDR=6.27e-05,TAM M2__TIDEpy,TAM M2,"Asterisks from FDR only: * <0.05, ** <0.01, *** <0.001, **** <0.0001",-1.00898670487832,-4
KIRP,Tregs_quantiseq,Tregs,Immune suppression,quanTIseq,IOBR::deconvo_tme(method='quantiseq'),TREGS,159,164,0.00277135476729817,0.00480788638565752,0.00203653161835935,0.000100279722856376,0.00012534965357047,***,P=1.00e-04,FDR=1.25e-04,Tregs__quanTIseq,Tregs,"Asterisks from FDR only: * <0.05, ** <0.01, *** <0.001, **** <0.0001",-0.189023811789671,3.90187686196617
LAML,Dysfunction,Dysfunction,Immune suppression,TIDEpy,D:/R_workspace/summary/Repairium_pancancer_analysis_plan/03-res/Figure2_pan_cancer/K_TIDE/LAML/LAML_TIDE_score_long.csv,DYSFUNCTION,75,75,0.0373770492521302,-0.0590430308696361,-0.0964200801217663,4.3231163522027e-05,0.000216155817610135,***,P=4.32e-05,FDR=2.16e-04,Dysfunction__TIDEpy,T-cell dysfunction,"Asterisks from FDR only: * <0.05, ** <0.01, *** <0.001, **** <0.0001",-0.328632664706015,-3.6652330713865
LAML,Tregs_quantiseq,Tregs,Immune suppression,quanTIseq,IOBR::deconvo_tme(method='quantiseq'),TREGS,75,75,0.0246643923033994,0.0323981602366173,0.00773376793321796,0.00120756256441114,0.00301890641102785,**,P=0.00121,FDR=0.00302,Tregs__quanTIseq,Tregs,"Asterisks from FDR only: * <0.05, ** <0.01, *** <0.001, **** <0.0001",0.744672822715679,2.52015035031052
LAML,TAM M2,TAM M2,Immune suppression,TIDEpy,D:/R_workspace/summary/Repairium_pancancer_analysis_plan/03-res/Figure2_pan_cancer/K_TIDE/LAML/LAML_TIDE_score_long.csv,TAMM2,75,75,-0.0084060389065575,-0.000238658300304687,0.00816738060625281,0.0373118583822691,0.0621864306371152,"",P=0.0373,FDR=0.0622,TAM M2__TIDEpy,TAM M2,"Asterisks from FDR only: * <0.05, ** <0.01, *** <0.001, **** <0.0001",1.48510175008831,0
LAML,MDSC,MDSC,Immune suppression,TIDEpy,D:/R_workspace/summary/Repairium_pancancer_analysis_plan/03-res/Figure2_pan_cancer/K_TIDE/LAML/LAML_TIDE_score_long.csv,MDSC,75,75,-0.016335608948382,-0.013706257901594,0.002629351046788,0.10522975958875,0.131537199485938,"",P=0.105,FDR=0.132,MDSC__TIDEpy,MDSC,"Asterisks from FDR only: * <0.05, ** <0.01, *** <0.001, **** <0.0001",-0.946460662833721,0
LGG,Dysfunction,Dysfunction,Immune suppression,TIDEpy,D:/R_workspace/summary/Repairium_pancancer_analysis_plan/03-res/Figure2_pan_cancer/K_TIDE/LGG/LGG_TIDE_score_long.csv,DYSFUNCTION,257,257,-0.0422735382393998,-0.12383212840004,-0.0815585901606402,4.82245074180766e-18,2.41122537090383e-17,****,P=4.82e-18,FDR=2.41e-17,Dysfunction__TIDEpy,T-cell dysfunction,"Asterisks from FDR only: * <0.05, ** <0.01, *** <0.001, **** <0.0001",-0.0218840696670718,-4
LGG,Tregs_quantiseq,Tregs,Immune suppression,quanTIseq,IOBR::deconvo_tme(method='quantiseq'),TREGS,261,271,0,0,0,1.93115157519469e-12,4.82787893798671e-12,****,P=1.93e-12,FDR=4.83e-12,Tregs__quanTIseq,Tregs,"Asterisks from FDR only: * <0.05, ** <0.01, *** <0.001, **** <0.0001",-0.52278260518335,0
LGG,MDSC,MDSC,Immune suppression,TIDEpy,D:/R_workspace/summary/Repairium_pancancer_analysis_plan/03-res/Figure2_pan_cancer/K_TIDE/LGG/LGG_TIDE_score_long.csv,MDSC,257,257,0.0228941862190556,0.0277289837700595,0.0048347975510039,4.36798357307932e-06,7.27997262179887e-06,****,P=4.37e-06,FDR=7.28e-06,MDSC__TIDEpy,MDSC,"Asterisks from FDR only: * <0.05, ** <0.01, *** <0.001, **** <0.0001",-0.651437576739192,4
LGG,TAM M2,TAM M2,Immune suppression,TIDEpy,D:/R_workspace/summary/Repairium_pancancer_analysis_plan/03-res/Figure2_pan_cancer/K_TIDE/LGG/LGG_TIDE_score_long.csv,TAMM2,257,257,0.0060136317039446,0.00491726840671922,-0.00109636329722538,0.128826913185792,0.161033641482241,"",P=0.129,FDR=0.161,TAM M2__TIDEpy,TAM M2,"Asterisks from FDR only: * <0.05, ** <0.01, *** <0.001, **** <0.0001",-0.615277152523413,0
LIHC,Dysfunction,Dysfunction,Immune suppression,TIDEpy,D:/R_workspace/summary/Repairium_pancancer_analysis_plan/03-res/Figure2_pan_cancer/K_TIDE/LIHC/LIHC_TIDE_score_long.csv,DYSFUNCTION,185,186,-0.020317714600124,-0.0460458131789877,-0.0257280985788637,6.78228205249001e-13,3.391141026245e-12,****,P=6.78e-13,FDR=3.39e-12,Dysfunction__TIDEpy,T-cell dysfunction,"Asterisks from FDR only: * <0.05, ** <0.01, *** <0.001, **** <0.0001",1.13048523501507,-4
LIHC,Tregs_quantiseq,Tregs,Immune suppression,quanTIseq,IOBR::deconvo_tme(method='quantiseq'),TREGS,212,212,0,0.00363094371849142,0.00363094371849142,1.336097947499e-08,3.34024486874749e-08,****,P=1.34e-08,FDR=3.34e-08,Tregs__quanTIseq,Tregs,"Asterisks from FDR only: * <0.05, ** <0.01, *** <0.001, **** <0.0001",0.0722778316098387,4
LIHC,MDSC,MDSC,Immune suppression,TIDEpy,D:/R_workspace/summary/Repairium_pancancer_analysis_plan/03-res/Figure2_pan_cancer/K_TIDE/LIHC/LIHC_TIDE_score_long.csv,MDSC,185,186,-0.00741544669131189,-0.00453609149633593,0.00287935519497596,7.02231382548513e-08,1.17038563758086e-07,****,P=7.02e-08,FDR=1.17e-07,MDSC__TIDEpy,MDSC,"Asterisks from FDR only: * <0.05, ** <0.01, *** <0.001, **** <0.0001",-0.913017550432738,4
LIHC,TAM M2,TAM M2,Immune suppression,TIDEpy,D:/R_workspace/summary/Repairium_pancancer_analysis_plan/03-res/Figure2_pan_cancer/K_TIDE/LIHC/LIHC_TIDE_score_long.csv,TAMM2,185,186,-0.00619667249179198,-0.00631487768640049,-0.000118205194608505,0.871928275220663,0.892277188203754,"",P=0.872,FDR=0.892,TAM M2__TIDEpy,TAM M2,"Asterisks from FDR only: * <0.05, ** <0.01, *** <0.001, **** <0.0001",-0.393498283897326,0
LUAD,MDSC,MDSC,Immune suppression,TIDEpy,D:/R_workspace/summary/Repairium_pancancer_analysis_plan/03-res/Figure2_pan_cancer/K_TIDE/LUAD/LUAD_TIDE_score_long.csv,MDSC,258,258,0.00127218035947591,0.0130782757724466,0.0118060954129707,1.6392331954065e-22,8.19616597703251e-22,****,P=1.64e-22,FDR=8.20e-22,MDSC__TIDEpy,MDSC,"Asterisks from FDR only: * <0.05, ** <0.01, *** <0.001, **** <0.0001",0.281114541568865,4
LUAD,Dysfunction,Dysfunction,Immune suppression,TIDEpy,D:/R_workspace/summary/Repairium_pancancer_analysis_plan/03-res/Figure2_pan_cancer/K_TIDE/LUAD/LUAD_TIDE_score_long.csv,DYSFUNCTION,258,258,-0.0798056924969114,-0.203762030609039,-0.123956338112127,1.27943548306579e-17,3.19858870766447e-17,****,P=1.28e-17,FDR=3.20e-17,Dysfunction__TIDEpy,T-cell dysfunction,"Asterisks from FDR only: * <0.05, ** <0.01, *** <0.001, **** <0.0001",-0.896994819057125,-4
LUAD,TAM M2,TAM M2,Immune suppression,TIDEpy,D:/R_workspace/summary/Repairium_pancancer_analysis_plan/03-res/Figure2_pan_cancer/K_TIDE/LUAD/LUAD_TIDE_score_long.csv,TAMM2,258,258,-0.00513745632271483,-0.00775092640165545,-0.00261347007894062,0.00027748361876289,0.00046247269793815,***,P=2.77e-04,FDR=4.62e-04,TAM M2__TIDEpy,TAM M2,"Asterisks from FDR only: * <0.05, ** <0.01, *** <0.001, **** <0.0001",-0.95925245133618,-3.3349139007299
LUAD,Tregs_quantiseq,Tregs,Immune suppression,quanTIseq,IOBR::deconvo_tme(method='quantiseq'),TREGS,298,299,0.0383343344255269,0.0413434118222636,0.00300907739673666,0.0283267916986375,0.0354084896232968,*,P=0.0283,FDR=0.0354,Tregs__quanTIseq,Tregs,"Asterisks from FDR only: * <0.05, ** <0.01, *** <0.001, **** <0.0001",-0.0296372829555031,1.45089259801618
LUSC,Dysfunction,Dysfunction,Immune suppression,TIDEpy,D:/R_workspace/summary/Repairium_pancancer_analysis_plan/03-res/Figure2_pan_cancer/K_TIDE/LUSC/LUSC_TIDE_score_long.csv,DYSFUNCTION,250,251,-0.176545741095776,-0.377800408414211,-0.201254667318435,8.56985741565935e-31,4.28492870782968e-30,****,P=8.57e-31,FDR=4.28e-30,Dysfunction__TIDEpy,T-cell dysfunction,"Asterisks from FDR only: * <0.05, ** <0.01, *** <0.001, **** <0.0001",-2.49247104283516,-4
LUSC,MDSC,MDSC,Immune suppression,TIDEpy,D:/R_workspace/summary/Repairium_pancancer_analysis_plan/03-res/Figure2_pan_cancer/K_TIDE/LUSC/LUSC_TIDE_score_long.csv,MDSC,250,251,0.009721934861977,0.0249233668249251,0.0152014319629481,7.0705730360201e-25,1.76764325900502e-24,****,P=7.07e-25,FDR=1.77e-24,MDSC__TIDEpy,MDSC,"Asterisks from FDR only: * <0.05, ** <0.01, *** <0.001, **** <0.0001",0.735309492744985,4
LUSC,TAM M2,TAM M2,Immune suppression,TIDEpy,D:/R_workspace/summary/Repairium_pancancer_analysis_plan/03-res/Figure2_pan_cancer/K_TIDE/LUSC/LUSC_TIDE_score_long.csv,TAMM2,250,251,-0.00905881620962633,-0.00122002225990813,0.0078387939497182,4.1491684699302e-10,6.91528078321699e-10,****,P=4.15e-10,FDR=6.92e-10,TAM M2__TIDEpy,TAM M2,"Asterisks from FDR only: * <0.05, ** <0.01, *** <0.001, **** <0.0001",1.41060093397595,4
LUSC,Tregs_quantiseq,Tregs,Immune suppression,quanTIseq,IOBR::deconvo_tme(method='quantiseq'),TREGS,276,275,0.0262539350508374,0.0187157857036203,-0.00753814934721714,9.49524471875595e-06,1.18690558984449e-05,****,P=9.50e-06,FDR=1.19e-05,Tregs__quanTIseq,Tregs,"Asterisks from FDR only: * <0.05, ** <0.01, *** <0.001, **** <0.0001",-1.75817890734113,-4
MESO,Dysfunction,Dysfunction,Immune suppression,TIDEpy,D:/R_workspace/summary/Repairium_pancancer_analysis_plan/03-res/Figure2_pan_cancer/K_TIDE/MESO/MESO_TIDE_score_long.csv,DYSFUNCTION,43,44,0.0450773599855789,-0.0533132681635435,-0.0983906281491224,1.51402991932873e-06,7.57014959664363e-06,****,P=1.51e-06,FDR=7.57e-06,Dysfunction__TIDEpy,T-cell dysfunction,"Asterisks from FDR only: * <0.05, ** <0.01, *** <0.001, **** <0.0001",-0.369305762789005,-4
MESO,MDSC,MDSC,Immune suppression,TIDEpy,D:/R_workspace/summary/Repairium_pancancer_analysis_plan/03-res/Figure2_pan_cancer/K_TIDE/MESO/MESO_TIDE_score_long.csv,MDSC,43,44,0.018636431185256,0.0368343773691611,0.0181979461839051,1.915423839333e-05,4.7885595983325e-05,****,P=1.92e-05,FDR=4.79e-05,MDSC__TIDEpy,MDSC,"Asterisks from FDR only: * <0.05, ** <0.01, *** <0.001, **** <0.0001",1.13615388924381,4
MESO,Tregs_quantiseq,Tregs,Immune suppression,quanTIseq,IOBR::deconvo_tme(method='quantiseq'),TREGS,43,44,0.0196976354176189,0.0265013959226762,0.00680376050505729,0.0566603586520291,0.0864085701707768,"",P=0.0567,FDR=0.0864,Tregs__quanTIseq,Tregs,"Asterisks from FDR only: * <0.05, ** <0.01, *** <0.001, **** <0.0001",0.592257729194999,0
MESO,TAM M2,TAM M2,Immune suppression,TIDEpy,D:/R_workspace/summary/Repairium_pancancer_analysis_plan/03-res/Figure2_pan_cancer/K_TIDE/MESO/MESO_TIDE_score_long.csv,TAMM2,43,44,-0.00916313257250862,-0.00967973617725186,-0.000516603604743241,0.808815472566648,0.808815472566648,"",P=0.809,FDR=0.809,TAM M2__TIDEpy,TAM M2,"Asterisks from FDR only: * <0.05, ** <0.01, *** <0.001, **** <0.0001",-0.483827596127867,0
OV,Tregs_quantiseq,Tregs,Immune suppression,quanTIseq,IOBR::deconvo_tme(method='quantiseq'),TREGS,189,192,0.0112573553105945,0.0169700879865082,0.00571273267591363,6.74524884335546e-08,3.37262442167773e-07,****,P=6.75e-08,FDR=3.37e-07,Tregs__quanTIseq,Tregs,"Asterisks from FDR only: * <0.05, ** <0.01, *** <0.001, **** <0.0001",0.413453664219436,4
OV,Dysfunction,Dysfunction,Immune suppression,TIDEpy,D:/R_workspace/summary/Repairium_pancancer_analysis_plan/03-res/Figure2_pan_cancer/K_TIDE/OV/OV_TIDE_score_long.csv,DYSFUNCTION,189,189,-0.167699710126124,-0.209266592883686,-0.041566882757562,4.63924108717988e-07,1.15981027179497e-06,****,P=4.64e-07,FDR=1.16e-06,Dysfunction__TIDEpy,T-cell dysfunction,"Asterisks from FDR only: * <0.05, ** <0.01, *** <0.001, **** <0.0001",0.803564797922326,-4
OV,MDSC,MDSC,Immune suppression,TIDEpy,D:/R_workspace/summary/Repairium_pancancer_analysis_plan/03-res/Figure2_pan_cancer/K_TIDE/OV/OV_TIDE_score_long.csv,MDSC,189,189,0.0415902619279182,0.0475049608502346,0.0059146989223164,1.58202266715129e-06,2.63670444525214e-06,****,P=1.58e-06,FDR=2.64e-06,MDSC__TIDEpy,MDSC,"Asterisks from FDR only: * <0.05, ** <0.01, *** <0.001, **** <0.0001",-0.506978921934687,4
OV,TAM M2,TAM M2,Immune suppression,TIDEpy,D:/R_workspace/summary/Repairium_pancancer_analysis_plan/03-res/Figure2_pan_cancer/K_TIDE/OV/OV_TIDE_score_long.csv,TAMM2,189,189,-0.00396523292330661,-0.00605737753952229,-0.00209214461621568,0.343095730791561,0.343095730791561,"",P=0.343,FDR=0.343,TAM M2__TIDEpy,TAM M2,"Asterisks from FDR only: * <0.05, ** <0.01, *** <0.001, **** <0.0001",-0.84105175249231,0
PAAD,MDSC,MDSC,Immune suppression,TIDEpy,D:/R_workspace/summary/Repairium_pancancer_analysis_plan/03-res/Figure2_pan_cancer/K_TIDE/PAAD/PAAD_TIDE_score_long.csv,MDSC,89,89,0.0155078449036735,0.0215177992648413,0.0060099543611678,0.0016950776166154,0.00847538808307699,**,P=0.0017,FDR=0.00848,MDSC__TIDEpy,MDSC,"Asterisks from FDR only: * <0.05, ** <0.01, *** <0.001, **** <0.0001",-0.494236579971956,2.07184040657856
PAAD,Tregs_quantiseq,Tregs,Immune suppression,quanTIseq,IOBR::deconvo_tme(method='quantiseq'),TREGS,91,92,0.0238648768527288,0.0303342456317014,0.00646936877897254,0.0135612126814961,0.0339030317037403,*,P=0.0136,FDR=0.0339,Tregs__quanTIseq,Tregs,"Asterisks from FDR only: * <0.05, ** <0.01, *** <0.001, **** <0.0001",0.537455644114293,1.46976146423544
PAAD,TAM M2,TAM M2,Immune suppression,TIDEpy,D:/R_workspace/summary/Repairium_pancancer_analysis_plan/03-res/Figure2_pan_cancer/K_TIDE/PAAD/PAAD_TIDE_score_long.csv,TAMM2,89,89,-0.00640808784942522,-0.00585347314500563,0.00055461470441959,0.0472472807034263,0.0787454678390438,"",P=0.0472,FDR=0.0787,TAM M2__TIDEpy,TAM M2,"Asterisks from FDR only: * <0.05, ** <0.01, *** <0.001, **** <0.0001",-0.240949083930198,0
PAAD,Dysfunction,Dysfunction,Immune suppression,TIDEpy,D:/R_workspace/summary/Repairium_pancancer_analysis_plan/03-res/Figure2_pan_cancer/K_TIDE/PAAD/PAAD_TIDE_score_long.csv,DYSFUNCTION,89,89,-0.0243967136838576,-0.0352109773853012,-0.0108142637014436,0.128862146965338,0.161077683706673,"",P=0.129,FDR=0.161,Dysfunction__TIDEpy,T-cell dysfunction,"Asterisks from FDR only: * <0.05, ** <0.01, *** <0.001, **** <0.0001",1.43831425533927,0
PCPG,Tregs_quantiseq,Tregs,Immune suppression,quanTIseq,IOBR::deconvo_tme(method='quantiseq'),TREGS,92,95,0.0137359362384309,0.0206071595033652,0.00687122326493435,7.87760018118445e-06,3.93880009059222e-05,****,P=7.88e-06,FDR=3.94e-05,Tregs__quanTIseq,Tregs,"Asterisks from FDR only: * <0.05, ** <0.01, *** <0.001, **** <0.0001",0.603313923526867,4
PCPG,MDSC,MDSC,Immune suppression,TIDEpy,D:/R_workspace/summary/Repairium_pancancer_analysis_plan/03-res/Figure2_pan_cancer/K_TIDE/PCPG/PCPG_TIDE_score_long.csv,MDSC,89,90,0.0107335951294783,0.0119778954686127,0.0012443003391344,0.26607462099258,0.4434577016543,"",P=0.266,FDR=0.443,MDSC__TIDEpy,MDSC,"Asterisks from FDR only: * <0.05, ** <0.01, *** <0.001, **** <0.0001",-1.13173921454117,0
PCPG,TAM M2,TAM M2,Immune suppression,TIDEpy,D:/R_workspace/summary/Repairium_pancancer_analysis_plan/03-res/Figure2_pan_cancer/K_TIDE/PCPG/PCPG_TIDE_score_long.csv,TAMM2,89,90,0.000146765893579855,0.000186035914128953,3.9270020549098e-05,0.776282052356837,0.904700697910912,"",P=0.776,FDR=0.905,TAM M2__TIDEpy,TAM M2,"Asterisks from FDR only: * <0.05, ** <0.01, *** <0.001, **** <0.0001",-0.357793754168575,0
PCPG,Dysfunction,Dysfunction,Immune suppression,TIDEpy,D:/R_workspace/summary/Repairium_pancancer_analysis_plan/03-res/Figure2_pan_cancer/K_TIDE/PCPG/PCPG_TIDE_score_long.csv,DYSFUNCTION,89,90,0.0277755567407403,0.0259574585854648,-0.00181809815527555,0.904700697910912,0.904700697910912,"",P=0.905,FDR=0.905,Dysfunction__TIDEpy,T-cell dysfunction,"Asterisks from FDR only: * <0.05, ** <0.01, *** <0.001, **** <0.0001",1.62399961725407,0
PRAD,Dysfunction,Dysfunction,Immune suppression,TIDEpy,D:/R_workspace/summary/Repairium_pancancer_analysis_plan/03-res/Figure2_pan_cancer/K_TIDE/PRAD/PRAD_TIDE_score_long.csv,DYSFUNCTION,248,249,-0.211261044553937,-0.27696664907369,-0.065705604519753,2.27564612196907e-20,1.13782306098453e-19,****,P=2.28e-20,FDR=1.14e-19,Dysfunction__TIDEpy,T-cell dysfunction,"Asterisks from FDR only: * <0.05, ** <0.01, *** <0.001, **** <0.0001",0.305329492716966,-4
PRAD,Tregs_quantiseq,Tregs,Immune suppression,quanTIseq,IOBR::deconvo_tme(method='quantiseq'),TREGS,274,279,0.00697133071704932,0.0113020838920995,0.00433075317505017,4.49049230536475e-08,1.12262307634119e-07,****,P=4.49e-08,FDR=1.12e-07,Tregs__quanTIseq,Tregs,"Asterisks from FDR only: * <0.05, ** <0.01, *** <0.001, **** <0.0001",0.186966726062015,4
PRAD,MDSC,MDSC,Immune suppression,TIDEpy,D:/R_workspace/summary/Repairium_pancancer_analysis_plan/03-res/Figure2_pan_cancer/K_TIDE/PRAD/PRAD_TIDE_score_long.csv,MDSC,248,249,0.0302645275658738,0.0319677075442656,0.0017031799783918,0.0479973464244951,0.0599966830306189,"",P=0.048,FDR=0.06,MDSC__TIDEpy,MDSC,"Asterisks from FDR only: * <0.05, ** <0.01, *** <0.001, **** <0.0001",-1.07035477966103,0
PRAD,TAM M2,TAM M2,Immune suppression,TIDEpy,D:/R_workspace/summary/Repairium_pancancer_analysis_plan/03-res/Figure2_pan_cancer/K_TIDE/PRAD/PRAD_TIDE_score_long.csv,TAMM2,248,249,0.0142849170046146,0.0146555400888989,0.000370623084284301,0.783667877196269,0.783667877196269,"",P=0.784,FDR=0.784,TAM M2__TIDEpy,TAM M2,"Asterisks from FDR only: * <0.05, ** <0.01, *** <0.001, **** <0.0001",-0.282665707491479,0
READ,Dysfunction,Dysfunction,Immune suppression,TIDEpy,D:/R_workspace/summary/Repairium_pancancer_analysis_plan/03-res/Figure2_pan_cancer/K_TIDE/READ/READ_TIDE_score_long.csv,DYSFUNCTION,83,83,-0.15330068167541,-0.234234557669129,-0.080933875993719,5.17084922303107e-10,2.58542461151553e-09,****,P=5.17e-10,FDR=2.59e-09,Dysfunction__TIDEpy,T-cell dysfunction,"Asterisks from FDR only: * <0.05, ** <0.01, *** <0.001, **** <0.0001",-0.00898965642147818,-4
READ,MDSC,MDSC,Immune suppression,TIDEpy,D:/R_workspace/summary/Repairium_pancancer_analysis_plan/03-res/Figure2_pan_cancer/K_TIDE/READ/READ_TIDE_score_long.csv,MDSC,83,83,0.0398668547685494,0.0491077169613495,0.0092408621928001,6.42770730699987e-06,1.60692682674997e-05,****,P=6.43e-06,FDR=1.61e-05,MDSC__TIDEpy,MDSC,"Asterisks from FDR only: * <0.05, ** <0.01, *** <0.001, **** <0.0001",-0.062037296265443,4
READ,Tregs_quantiseq,Tregs,Immune suppression,quanTIseq,IOBR::deconvo_tme(method='quantiseq'),TREGS,89,87,0.015638397734654,0.0196500576047093,0.00401165987005529,0.0232325646088688,0.0290407057610861,*,P=0.0232,FDR=0.029,Tregs__quanTIseq,Tregs,"Asterisks from FDR only: * <0.05, ** <0.01, *** <0.001, **** <0.0001",0.134671836311719,1.536992833412
READ,TAM M2,TAM M2,Immune suppression,TIDEpy,D:/R_workspace/summary/Repairium_pancancer_analysis_plan/03-res/Figure2_pan_cancer/K_TIDE/READ/READ_TIDE_score_long.csv,TAMM2,83,83,0.00682637569206008,0.00700062306018072,0.00017424736812064,0.430677703972499,0.430677703972499,"",P=0.431,FDR=0.431,TAM M2__TIDEpy,TAM M2,"Asterisks from FDR only: * <0.05, ** <0.01, *** <0.001, **** <0.0001",-0.327190190844323,0
SARC,Dysfunction,Dysfunction,Immune suppression,TIDEpy,D:/R_workspace/summary/Repairium_pancancer_analysis_plan/03-res/Figure2_pan_cancer/K_TIDE/SARC/SARC_TIDE_score_long.csv,DYSFUNCTION,129,130,0.0157936302090338,-0.101408656438564,-0.117202286647598,3.02528114716671e-14,1.51264057358336e-13,****,P=3.03e-14,FDR=1.51e-13,Dysfunction__TIDEpy,T-cell dysfunction,"Asterisks from FDR only: * <0.05, ** <0.01, *** <0.001, **** <0.0001",-0.75758781457882,-4
SARC,MDSC,MDSC,Immune suppression,TIDEpy,D:/R_workspace/summary/Repairium_pancancer_analysis_plan/03-res/Figure2_pan_cancer/K_TIDE/SARC/SARC_TIDE_score_long.csv,MDSC,129,130,0.0169709938616276,0.0366132105990815,0.0196422167374539,3.32902996015865e-13,8.32257490039663e-13,****,P=3.33e-13,FDR=8.32e-13,MDSC__TIDEpy,MDSC,"Asterisks from FDR only: * <0.05, ** <0.01, *** <0.001, **** <0.0001",1.3293542933565,4
SARC,TAM M2,TAM M2,Immune suppression,TIDEpy,D:/R_workspace/summary/Repairium_pancancer_analysis_plan/03-res/Figure2_pan_cancer/K_TIDE/SARC/SARC_TIDE_score_long.csv,TAMM2,129,130,0.00220214326258456,0.00618100133049062,0.00397885806790605,0.00693464074524647,0.0115577345754108,*,P=0.00693,FDR=0.0116,TAM M2__TIDEpy,TAM M2,"Asterisks from FDR only: * <0.05, ** <0.01, *** <0.001, **** <0.0001",0.535433401705525,1.93712728337353
SARC,Tregs_quantiseq,Tregs,Immune suppression,quanTIseq,IOBR::deconvo_tme(method='quantiseq'),TREGS,130,135,0.0211725145073098,0.0176984605317311,-0.00347405397557873,0.576877573351359,0.576877573351359,"",P=0.577,FDR=0.577,Tregs__quanTIseq,Tregs,"Asterisks from FDR only: * <0.05, ** <0.01, *** <0.001, **** <0.0001",-1.09213102708891,0
SKCM,Dysfunction,Dysfunction,Immune suppression,TIDEpy,D:/R_workspace/summary/Repairium_pancancer_analysis_plan/03-res/Figure2_pan_cancer/K_TIDE/SKCM/SKCM_TIDE_score_long.csv,DYSFUNCTION,234,235,-0.106262234844784,-0.279642259696364,-0.173380024851581,5.27898458563111e-28,2.63949229281555e-27,****,P=5.28e-28,FDR=2.64e-27,Dysfunction__TIDEpy,T-cell dysfunction,"Asterisks from FDR only: * <0.05, ** <0.01, *** <0.001, **** <0.0001",-1.91712446343523,-4
SKCM,MDSC,MDSC,Immune suppression,TIDEpy,D:/R_workspace/summary/Repairium_pancancer_analysis_plan/03-res/Figure2_pan_cancer/K_TIDE/SKCM/SKCM_TIDE_score_long.csv,MDSC,234,235,0.0192116237115139,0.0426271341277363,0.0234155104162224,3.12222207265235e-25,7.80555518163088e-25,****,P=3.12e-25,FDR=7.81e-25,MDSC__TIDEpy,MDSC,"Asterisks from FDR only: * <0.05, ** <0.01, *** <0.001, **** <0.0001",1.8341086565765,4
SKCM,Tregs_quantiseq,Tregs,Immune suppression,quanTIseq,IOBR::deconvo_tme(method='quantiseq'),TREGS,236,237,0.023815977725216,0.0269682273945005,0.00315224966928456,0.00159394723940616,0.0026565787323436,**,P=0.00159,FDR=0.00266,Tregs__quanTIseq,Tregs,"Asterisks from FDR only: * <0.05, ** <0.01, *** <0.001, **** <0.0001",-0.00617336788429295,2.57567730848916
SKCM,TAM M2,TAM M2,Immune suppression,TIDEpy,D:/R_workspace/summary/Repairium_pancancer_analysis_plan/03-res/Figure2_pan_cancer/K_TIDE/SKCM/SKCM_TIDE_score_long.csv,TAMM2,234,235,-0.0034989535048028,-0.00245081762605762,0.00104813587874518,0.0553107194327079,0.0691383992908848,"",P=0.0553,FDR=0.0691,TAM M2__TIDEpy,TAM M2,"Asterisks from FDR only: * <0.05, ** <0.01, *** <0.001, **** <0.0001",-0.129052482151684,0
STAD,Dysfunction,Dysfunction,Immune suppression,TIDEpy,D:/R_workspace/summary/Repairium_pancancer_analysis_plan/03-res/Figure2_pan_cancer/K_TIDE/STAD/STAD_TIDE_score_long.csv,DYSFUNCTION,187,188,-0.0205486075269697,-0.120043916112317,-0.0994953085853468,1.08327823020782e-13,5.41639115103908e-13,****,P=1.08e-13,FDR=5.42e-13,Dysfunction__TIDEpy,T-cell dysfunction,"Asterisks from FDR only: * <0.05, ** <0.01, *** <0.001, **** <0.0001",-0.392106920187436,-4
STAD,MDSC,MDSC,Immune suppression,TIDEpy,D:/R_workspace/summary/Repairium_pancancer_analysis_plan/03-res/Figure2_pan_cancer/K_TIDE/STAD/STAD_TIDE_score_long.csv,MDSC,187,188,0.0137050766952721,0.0272912720852541,0.013586195389982,1.00103989474732e-08,2.5025997368683e-08,****,P=1.00e-08,FDR=2.50e-08,MDSC__TIDEpy,MDSC,"Asterisks from FDR only: * <0.05, ** <0.01, *** <0.001, **** <0.0001",0.519238924894766,4
STAD,Tregs_quantiseq,Tregs,Immune suppression,quanTIseq,IOBR::deconvo_tme(method='quantiseq'),TREGS,204,198,0.0203792164752994,0.0286263274958446,0.00824711102054521,2.73767790174527e-05,4.56279650290879e-05,****,P=2.74e-05,FDR=4.56e-05,Tregs__quanTIseq,Tregs,"Asterisks from FDR only: * <0.05, ** <0.01, *** <0.001, **** <0.0001",0.828802510602065,4
STAD,TAM M2,TAM M2,Immune suppression,TIDEpy,D:/R_workspace/summary/Repairium_pancancer_analysis_plan/03-res/Figure2_pan_cancer/K_TIDE/STAD/STAD_TIDE_score_long.csv,TAMM2,187,188,-0.00568162794364369,-0.00754608190224007,-0.00186445395859638,0.101156130644124,0.101156130644124,"",P=0.101,FDR=0.101,TAM M2__TIDEpy,TAM M2,"Asterisks from FDR only: * <0.05, ** <0.01, *** <0.001, **** <0.0001",-0.789427197823241,0
TGCT,Dysfunction,Dysfunction,Immune suppression,TIDEpy,D:/R_workspace/summary/Repairium_pancancer_analysis_plan/03-res/Figure2_pan_cancer/K_TIDE/TGCT/TGCT_TIDE_score_long.csv,DYSFUNCTION,75,75,-0.197759289442901,-0.324735076289693,-0.126975786846792,7.27019522865854e-07,3.63509761432927e-06,****,P=7.27e-07,FDR=3.64e-06,Dysfunction__TIDEpy,T-cell dysfunction,"Asterisks from FDR only: * <0.05, ** <0.01, *** <0.001, **** <0.0001",-0.959317753000716,-4
TGCT,TAM M2,TAM M2,Immune suppression,TIDEpy,D:/R_workspace/summary/Repairium_pancancer_analysis_plan/03-res/Figure2_pan_cancer/K_TIDE/TGCT/TGCT_TIDE_score_long.csv,TAMM2,75,75,0.00466536328097895,0.0122038266045341,0.00753846332355515,0.000101689611594512,0.000172124970743625,***,P=1.02e-04,FDR=1.72e-04,TAM M2__TIDEpy,TAM M2,"Asterisks from FDR only: * <0.05, ** <0.01, *** <0.001, **** <0.0001",1.34250663888602,3.76415612055279
TGCT,MDSC,MDSC,Immune suppression,TIDEpy,D:/R_workspace/summary/Repairium_pancancer_analysis_plan/03-res/Figure2_pan_cancer/K_TIDE/TGCT/TGCT_TIDE_score_long.csv,MDSC,75,75,0.0275599098330191,0.0496479040216954,0.0220879941886763,0.000103274982446175,0.000172124970743625,***,P=1.03e-04,FDR=1.72e-04,MDSC__TIDEpy,MDSC,"Asterisks from FDR only: * <0.05, ** <0.01, *** <0.001, **** <0.0001",1.65652650550525,3.76415612055279
TGCT,Tregs_quantiseq,Tregs,Immune suppression,quanTIseq,IOBR::deconvo_tme(method='quantiseq'),TREGS,77,79,0.0210518683592178,0.0189956452403442,-0.00205622311887364,0.618414929267727,0.618414929267727,"",P=0.618,FDR=0.618,Tregs__quanTIseq,Tregs,"Asterisks from FDR only: * <0.05, ** <0.01, *** <0.001, **** <0.0001",-0.859768557631429,0
THCA,MDSC,MDSC,Immune suppression,TIDEpy,D:/R_workspace/summary/Repairium_pancancer_analysis_plan/03-res/Figure2_pan_cancer/K_TIDE/THCA/THCA_TIDE_score_long.csv,MDSC,252,252,0.0180252747361701,0.0203237442511719,0.0022984695150018,0.000732981494270091,0.00366490747135046,**,P=7.33e-04,FDR=0.00366,MDSC__TIDEpy,MDSC,"Asterisks from FDR only: * <0.05, ** <0.01, *** <0.001, **** <0.0001",-0.990722761439443,2.4359369856038
THCA,Tregs_quantiseq,Tregs,Immune suppression,quanTIseq,IOBR::deconvo_tme(method='quantiseq'),TREGS,287,284,0.0113549315746843,0.0124604301228595,0.00110549854817514,0.0205459517896308,0.0513648794740769,"",P=0.0205,FDR=0.0514,Tregs__quanTIseq,Tregs,"Asterisks from FDR only: * <0.05, ** <0.01, *** <0.001, **** <0.0001",-0.341606993564492,0
THCA,Dysfunction,Dysfunction,Immune suppression,TIDEpy,D:/R_workspace/summary/Repairium_pancancer_analysis_plan/03-res/Figure2_pan_cancer/K_TIDE/THCA/THCA_TIDE_score_long.csv,DYSFUNCTION,252,252,-0.0408111724780072,-0.0507057934050705,-0.00989462092706325,0.0692049276830476,0.115341546138413,"",P=0.0692,FDR=0.115,Dysfunction__TIDEpy,T-cell dysfunction,"Asterisks from FDR only: * <0.05, ** <0.01, *** <0.001, **** <0.0001",1.45729614273527,0
THCA,TAM M2,TAM M2,Immune suppression,TIDEpy,D:/R_workspace/summary/Repairium_pancancer_analysis_plan/03-res/Figure2_pan_cancer/K_TIDE/THCA/THCA_TIDE_score_long.csv,TAMM2,252,252,-0.000500339594228041,-0.000900283415482856,-0.000399943821254816,0.803151050949733,0.803151050949733,"",P=0.803,FDR=0.803,TAM M2__TIDEpy,TAM M2,"Asterisks from FDR only: * <0.05, ** <0.01, *** <0.001, **** <0.0001",-0.457377194370718,0
THYM,TAM M2,TAM M2,Immune suppression,TIDEpy,D:/R_workspace/summary/Repairium_pancancer_analysis_plan/03-res/Figure2_pan_cancer/K_TIDE/THYM/THYM_TIDE_score_long.csv,TAMM2,60,60,0.0189231396611085,0.0277362466227937,0.0088131069616852,1.2862335707758e-06,6.43116785387899e-06,****,P=1.29e-06,FDR=6.43e-06,TAM M2__TIDEpy,TAM M2,"Asterisks from FDR only: * <0.05, ** <0.01, *** <0.001, **** <0.0001",1.63150800094563,4
THYM,Dysfunction,Dysfunction,Immune suppression,TIDEpy,D:/R_workspace/summary/Repairium_pancancer_analysis_plan/03-res/Figure2_pan_cancer/K_TIDE/THYM/THYM_TIDE_score_long.csv,DYSFUNCTION,60,60,-0.0356541679173681,-0.0595411961629647,-0.0238870282455966,0.0131389074904481,0.0328472687261203,*,P=0.0131,FDR=0.0328,Dysfunction__TIDEpy,T-cell dysfunction,"Asterisks from FDR only: * <0.05, ** <0.01, *** <0.001, **** <0.0001",1.16848584865305,-1.4835007364996
THYM,Tregs_quantiseq,Tregs,Immune suppression,quanTIseq,IOBR::deconvo_tme(method='quantiseq'),TREGS,60,62,0.00698751660453371,0,-0.00698751660453371,0.0308746992729343,0.0514578321215571,"",P=0.0309,FDR=0.0515,Tregs__quanTIseq,Tregs,"Asterisks from FDR only: * <0.05, ** <0.01, *** <0.001, **** <0.0001",-1.66793797116105,0
THYM,MDSC,MDSC,Immune suppression,TIDEpy,D:/R_workspace/summary/Repairium_pancancer_analysis_plan/03-res/Figure2_pan_cancer/K_TIDE/THYM/THYM_TIDE_score_long.csv,MDSC,60,60,0.0262621347979136,0.0289678767622096,0.00270574196429595,0.0977328471119487,0.122166058889936,"",P=0.0977,FDR=0.122,MDSC__TIDEpy,MDSC,"Asterisks from FDR only: * <0.05, ** <0.01, *** <0.001, **** <0.0001",-0.936241832229711,0
UCEC,Dysfunction,Dysfunction,Immune suppression,TIDEpy,D:/R_workspace/summary/Repairium_pancancer_analysis_plan/03-res/Figure2_pan_cancer/K_TIDE/UCEC/UCEC_TIDE_score_long.csv,DYSFUNCTION,272,273,-0.133740832959516,-0.252116615528429,-0.118375782568914,7.35274903401469e-40,3.67637451700734e-39,****,P=7.35e-40,FDR=3.68e-39,Dysfunction__TIDEpy,T-cell dysfunction,"Asterisks from FDR only: * <0.05, ** <0.01, *** <0.001, **** <0.0001",-0.781809358050518,-4
UCEC,MDSC,MDSC,Immune suppression,TIDEpy,D:/R_workspace/summary/Repairium_pancancer_analysis_plan/03-res/Figure2_pan_cancer/K_TIDE/UCEC/UCEC_TIDE_score_long.csv,MDSC,272,273,0.0342051017828988,0.0492686727227795,0.0150635709398807,5.82018461422252e-24,1.45504615355563e-23,****,P=5.82e-24,FDR=1.46e-23,MDSC__TIDEpy,MDSC,"Asterisks from FDR only: * <0.05, ** <0.01, *** <0.001, **** <0.0001",0.716867791982919,4
UCEC,TAM M2,TAM M2,Immune suppression,TIDEpy,D:/R_workspace/summary/Repairium_pancancer_analysis_plan/03-res/Figure2_pan_cancer/K_TIDE/UCEC/UCEC_TIDE_score_long.csv,TAMM2,272,273,0.00122719923799292,0.00463686797260474,0.00340966873461182,0.000802054872385563,0.00133675812064261,**,P=8.02e-04,FDR=0.00134,TAM M2__TIDEpy,TAM M2,"Asterisks from FDR only: * <0.05, ** <0.01, *** <0.001, **** <0.0001",0.406380474541383,2.87394716893358
UCEC,Tregs_quantiseq,Tregs,Immune suppression,quanTIseq,IOBR::deconvo_tme(method='quantiseq'),TREGS,280,297,0.0144743084229059,0.0157482102510056,0.00127390182809976,0.205020518887941,0.256275648609927,"",P=0.205,FDR=0.256,Tregs__quanTIseq,Tregs,"Asterisks from FDR only: * <0.05, ** <0.01, *** <0.001, **** <0.0001",-0.314008072435804,0
UCS,MDSC,MDSC,Immune suppression,TIDEpy,D:/R_workspace/summary/Repairium_pancancer_analysis_plan/03-res/Figure2_pan_cancer/K_TIDE/UCS/UCS_TIDE_score_long.csv,MDSC,28,29,0.04957412178653,0.0617229740116855,0.0121488522251555,0.000382841972703168,0.00191420986351584,**,P=3.83e-04,FDR=0.00191,MDSC__TIDEpy,MDSC,"Asterisks from FDR only: * <0.05, ** <0.01, *** <0.001, **** <0.0001",0.326965199164677,2.71801045027364
UCS,Dysfunction,Dysfunction,Immune suppression,TIDEpy,D:/R_workspace/summary/Repairium_pancancer_analysis_plan/03-res/Figure2_pan_cancer/K_TIDE/UCS/UCS_TIDE_score_long.csv,DYSFUNCTION,28,29,-0.223093611904254,-0.297248687503289,-0.0741550755990355,0.00116075757348164,0.00290189393370409,**,P=0.00116,FDR=0.0029,Dysfunction__TIDEpy,T-cell dysfunction,"Asterisks from FDR only: * <0.05, ** <0.01, *** <0.001, **** <0.0001",0.130928178368825,-2.53731846538169
UCS,TAM M2,TAM M2,Immune suppression,TIDEpy,D:/R_workspace/summary/Repairium_pancancer_analysis_plan/03-res/Figure2_pan_cancer/K_TIDE/UCS/UCS_TIDE_score_long.csv,TAMM2,28,29,0.0124284903865049,0.014256059466702,0.0018275690801971,0.119628331024065,0.199380551706775,"",P=0.12,FDR=0.199,TAM M2__TIDEpy,TAM M2,"Asterisks from FDR only: * <0.05, ** <0.01, *** <0.001, **** <0.0001",0.0476692698075918,0
UCS,Tregs_quantiseq,Tregs,Immune suppression,quanTIseq,IOBR::deconvo_tme(method='quantiseq'),TREGS,28,29,0.011058876148771,0.0127937559570326,0.00173487980826166,0.228140625574639,0.285175781968299,"",P=0.228,FDR=0.285,Tregs__quanTIseq,Tregs,"Asterisks from FDR only: * <0.05, ** <0.01, *** <0.001, **** <0.0001",-0.238460286654879,0
UVM,Tregs_quantiseq,Tregs,Immune suppression,quanTIseq,IOBR::deconvo_tme(method='quantiseq'),TREGS,40,40,0.000969203405462811,0.00506560933493613,0.00409640592947332,5.61933065776174e-08,2.80966532888087e-07,****,P=5.62e-08,FDR=2.81e-07,Tregs__quanTIseq,Tregs,"Asterisks from FDR only: * <0.05, ** <0.01, *** <0.001, **** <0.0001",0.14856051954219,4
UVM,Dysfunction,Dysfunction,Immune suppression,TIDEpy,D:/R_workspace/summary/Repairium_pancancer_analysis_plan/03-res/Figure2_pan_cancer/K_TIDE/UVM/UVM_TIDE_score_long.csv,DYSFUNCTION,40,40,-0.151754937322744,-0.259007414837996,-0.107252477515252,6.37006589377463e-07,1.59251647344366e-06,****,P=6.37e-07,FDR=1.59e-06,Dysfunction__TIDEpy,T-cell dysfunction,"Asterisks from FDR only: * <0.05, ** <0.01, *** <0.001, **** <0.0001",-0.552218771485814,-4
UVM,MDSC,MDSC,Immune suppression,TIDEpy,D:/R_workspace/summary/Repairium_pancancer_analysis_plan/03-res/Figure2_pan_cancer/K_TIDE/UVM/UVM_TIDE_score_long.csv,MDSC,40,40,0.0378843572672445,0.0388770057694687,0.000992648502224254,0.613431372955167,0.766789216193958,"",P=0.613,FDR=0.767,MDSC__TIDEpy,MDSC,"Asterisks from FDR only: * <0.05, ** <0.01, *** <0.001, **** <0.0001",-1.16540273864147,0
UVM,TAM M2,TAM M2,Immune suppression,TIDEpy,D:/R_workspace/summary/Repairium_pancancer_analysis_plan/03-res/Figure2_pan_cancer/K_TIDE/UVM/UVM_TIDE_score_long.csv,TAMM2,40,40,0.0121435296042053,0.0126644763472669,0.0005209467430616,0.911886916830624,0.911886916830624,"",P=0.912,FDR=0.912,TAM M2__TIDEpy,TAM M2,"Asterisks from FDR only: * <0.05, ** <0.01, *** <0.001, **** <0.0001",-0.248582658051749,0
